item_code,category,po_date,received_date,issue_date,quantity_received,demand_rate_units_yr,lead_time_days,procurement_days,storage_days,total_cycle_days,days_of_supply,turnover_rate_per_year,velocity_class
CHEM-0001,Chemical,3/15/2022,5/12/2022,7/10/2022,269,118.2,58,58,59,117,830.7,0.439,Fast-Moving
CHEM-0002,Chemical,8/10/2018,11/5/2018,12/6/2018,487,26.3,87,87,31,118,6758.7,0.054,Slow-Moving
CHEM-0003,Chemical,2/10/2026,5/2/2026,6/18/2026,102,26.7,81,81,47,128,1394.4,0.262,Medium-Moving
CHEM-0004,Chemical,12/25/2023,4/18/2024,4/25/2024,388,57.1,115,115,7,122,2480.2,0.147,Slow-Moving
CHEM-0005,Chemical,3/14/2025,5/9/2025,6/3/2025,126,52.4,56,56,25,81,877.7,0.416,Fast-Moving
CHEM-0006,Chemical,8/29/2020,11/23/2020,12/5/2020,186,76.7,86,86,12,98,885.1,0.412,Fast-Moving
CHEM-0007,Chemical,1/25/2024,5/14/2024,7/10/2024,211,44.7,110,110,57,167,1722.9,0.212,Medium-Moving
CHEM-0008,Chemical,1/10/2015,5/4/2015,6/7/2015,241,122.1,114,114,34,148,720.4,0.507,Fast-Moving
CHEM-0009,Chemical,4/8/2024,5/29/2024,6/15/2024,269,135,51,51,17,68,727.3,0.502,Fast-Moving
CHEM-0010,Chemical,8/18/2026,11/17/2026,12/31/2026,465,119,91,91,44,135,1426.3,0.256,Medium-Moving
CHEM-0011,Chemical,3/7/2026,6/16/2026,8/8/2026,254,138.7,101,101,53,154,668.4,0.546,Fast-Moving
CHEM-0012,Chemical,2/27/2016,5/8/2016,5/30/2016,333,91.4,71,71,22,93,1329.8,0.274,Medium-Moving
CHEM-0013,Chemical,12/9/2017,2/28/2018,4/2/2018,418,30.5,81,81,33,114,5002.3,0.073,Slow-Moving
CHEM-0014,Chemical,11/14/2025,1/13/2026,1/19/2026,424,73.4,60,60,6,66,2108.4,0.173,Medium-Moving
CHEM-0015,Chemical,5/14/2020,7/18/2020,8/11/2020,364,117.8,65,65,24,89,1127.8,0.324,Medium-Moving
CHEM-0016,Chemical,4/23/2015,8/16/2015,9/16/2015,379,133,115,115,31,146,1040.1,0.351,Fast-Moving
CHEM-0017,Chemical,2/2/2017,4/16/2017,6/13/2017,298,26.4,73,73,58,131,4120.1,0.089,Slow-Moving
CHEM-0018,Chemical,7/18/2017,10/30/2017,11/11/2017,331,36.6,104,104,12,116,3301,0.111,Slow-Moving
CHEM-0019,Chemical,6/15/2018,10/1/2018,11/20/2018,291,73.9,108,108,50,158,1437.3,0.254,Medium-Moving
CHEM-0020,Chemical,7/18/2021,11/5/2021,12/25/2021,194,58.7,110,110,50,160,1206.3,0.303,Medium-Moving
CIVL-0001,Civil,2/21/2026,9/5/2026,9/1/2027,100,3.6,196,196,361,557,10138.9,0.036,Slow-Moving
CIVL-0002,Civil,2/29/2020,8/14/2020,2/18/2021,17,1.1,167,167,188,355,5640.9,0.065,Slow-Moving
CIVL-0003,Civil,11/30/2019,5/19/2020,2/23/2021,73,4.5,171,171,280,451,5921.1,0.062,Slow-Moving
CIVL-0004,Civil,8/15/2020,2/7/2021,2/8/2021,92,2.7,176,176,1,177,12437,0.029,Slow-Moving
CIVL-0005,Civil,1/25/2018,7/14/2018,2/26/2021,42,1.9,170,170,958,1128,8068.4,0.045,Slow-Moving
CIVL-0006,Civil,11/19/2015,3/27/2016,11/1/2017,64,4.7,129,129,584,713,4970.2,0.073,Slow-Moving
CIVL-0007,Civil,10/1/2015,3/13/2016,11/4/2017,39,3,164,164,601,765,4745,0.077,Slow-Moving
CIVL-0008,Civil,12/12/2017,3/23/2018,2/20/2021,99,2.4,101,101,1065,1166,15056.2,0.024,Slow-Moving
CIVL-0009,Civil,4/30/2022,11/1/2022,6/7/2024,63,2.4,185,185,584,769,9581.2,0.038,Slow-Moving
CIVL-0010,Civil,12/9/2018,4/3/2019,2/25/2021,60,1.8,115,115,694,809,12166.7,0.03,Slow-Moving
CIVL-0011,Civil,3/17/2023,8/21/2023,6/4/2024,47,4,157,157,288,445,4288.7,0.085,Slow-Moving
CIVL-0012,Civil,2/10/2021,8/25/2021,6/15/2024,74,1.3,196,196,1025,1221,20776.9,0.018,Slow-Moving
CIVL-0013,Civil,10/6/2020,4/19/2021,6/5/2024,73,4.9,195,195,1143,1338,5437.8,0.067,Slow-Moving
CIVL-0014,Civil,8/14/2021,2/15/2022,6/10/2024,49,4.1,185,185,846,1031,4362.2,0.084,Slow-Moving
CIVL-0015,Civil,8/1/2017,12/28/2017,2/27/2021,34,1.9,149,149,1157,1306,6531.6,0.056,Slow-Moving
ELEC-0001,Electrical,4/28/2018,8/21/2018,9/3/2018,54,21,115,115,13,128,938.6,0.389,Fast-Moving
ELEC-0002,Electrical,12/9/2015,3/17/2016,4/14/2016,20,21.7,99,99,28,127,336.4,1.085,Fast-Moving
ELEC-0003,Electrical,11/23/2015,3/7/2016,3/25/2016,25,23.2,105,105,18,123,393.3,0.928,Fast-Moving
ELEC-0004,Electrical,8/6/2020,12/29/2020,1/9/2021,35,14.6,145,145,11,156,875,0.417,Fast-Moving
ELEC-0005,Electrical,12/7/2022,4/17/2023,6/16/2023,32,13.7,131,131,60,191,852.6,0.428,Fast-Moving
ELEC-0006,Electrical,2/12/2024,6/30/2024,8/21/2024,52,6.7,139,139,52,191,2832.8,0.129,Slow-Moving
ELEC-0007,Electrical,6/20/2018,9/18/2018,11/17/2018,60,14.3,90,90,60,150,1531.5,0.238,Medium-Moving
ELEC-0008,Electrical,8/24/2018,11/14/2018,12/15/2018,20,19.5,82,82,31,113,374.4,0.975,Fast-Moving
ELEC-0009,Electrical,7/23/2015,10/13/2015,12/4/2015,31,24.9,82,82,52,134,454.4,0.803,Fast-Moving
ELEC-0010,Electrical,6/14/2022,10/4/2022,11/29/2022,13,8,112,112,56,168,593.1,0.615,Fast-Moving
ELEC-0011,Electrical,7/25/2020,10/27/2020,11/11/2020,69,21.1,94,94,15,109,1193.6,0.306,Medium-Moving
ELEC-0012,Electrical,6/4/2017,9/20/2017,11/19/2017,28,17.2,108,108,60,168,594.2,0.614,Fast-Moving
ELEC-0013,Electrical,11/14/2015,3/13/2016,4/1/2016,70,18.1,120,120,19,139,1411.6,0.259,Medium-Moving
ELEC-0014,Electrical,6/23/2019,10/19/2019,11/15/2019,54,8.1,118,118,27,145,2433.3,0.15,Slow-Moving
ELEC-0015,Electrical,11/5/2021,2/2/2022,2/21/2022,80,7.6,89,89,19,108,3842.1,0.095,Slow-Moving
ELEC-0016,Electrical,7/13/2015,12/4/2015,12/21/2015,11,21,144,144,17,161,191.2,1.909,Fast-Moving
ELEC-0017,Electrical,12/9/2023,3/20/2024,4/11/2024,23,15.5,102,102,22,124,541.6,0.674,Fast-Moving
ELEC-0018,Electrical,7/22/2016,10/25/2016,11/21/2016,27,13.7,95,95,27,122,719.3,0.507,Fast-Moving
ELEC-0019,Electrical,6/5/2026,9/24/2026,11/11/2026,34,21.5,111,111,48,159,577.2,0.632,Fast-Moving
ELEC-0020,Electrical,6/5/2022,8/7/2022,8/19/2022,37,5.6,63,63,12,75,2411.6,0.151,Slow-Moving
ELEC-0021,Electrical,11/9/2020,1/30/2021,3/13/2021,37,10.9,82,82,42,124,1239,0.295,Medium-Moving
ELEC-0022,Electrical,12/14/2020,2/16/2021,2/27/2021,40,20.3,64,64,11,75,719.2,0.508,Fast-Moving
ELEC-0023,Electrical,9/29/2024,1/11/2025,3/3/2025,51,10.2,104,104,51,155,1825,0.2,Medium-Moving
ELEC-0024,Electrical,1/13/2022,5/8/2022,6/20/2022,63,21.7,115,115,43,158,1059.7,0.344,Medium-Moving
ELEC-0025,Electrical,6/21/2026,9/3/2026,10/2/2026,17,23.2,74,74,29,103,267.5,1.365,Fast-Moving
ELEC-0026,Electrical,4/7/2019,7/8/2019,7/15/2019,55,23,92,92,7,99,872.8,0.418,Fast-Moving
ELEC-0027,Electrical,10/12/2024,12/11/2024,1/18/2025,76,13.4,60,60,38,98,2070.1,0.176,Medium-Moving
ELEC-0028,Electrical,6/3/2019,9/17/2019,10/19/2019,74,7.6,106,106,32,138,3553.9,0.103,Slow-Moving
ELEC-0029,Electrical,7/27/2016,12/19/2016,1/14/2017,29,15.5,145,145,26,171,682.9,0.534,Fast-Moving
ELEC-0030,Electrical,1/15/2022,6/8/2022,8/6/2022,12,22.5,144,144,59,203,194.7,1.875,Fast-Moving
ELEC-0031,Electrical,10/17/2017,1/23/2018,3/1/2018,33,17.2,98,98,37,135,700.3,0.521,Fast-Moving
ELEC-0032,Electrical,12/8/2021,5/2/2022,6/2/2022,29,8.4,145,145,31,176,1260.1,0.29,Medium-Moving
ELEC-0033,Electrical,4/26/2022,8/15/2022,10/3/2022,70,17.4,111,111,49,160,1468.4,0.249,Medium-Moving
ELEC-0034,Electrical,8/19/2021,12/27/2021,1/9/2022,25,16.1,130,130,13,143,566.8,0.644,Fast-Moving
ELEC-0035,Electrical,4/21/2019,8/12/2019,9/28/2019,51,18.6,113,113,47,160,1000.8,0.365,Fast-Moving
ELEC-0036,Electrical,7/3/2023,11/26/2023,1/17/2024,77,16.1,146,146,52,198,1745.7,0.209,Medium-Moving
ELEC-0037,Electrical,11/26/2018,4/13/2019,5/24/2019,23,22.7,138,138,41,179,369.8,0.987,Fast-Moving
ELEC-0038,Electrical,10/1/2021,1/20/2022,3/1/2022,17,10,111,111,40,151,620.5,0.588,Fast-Moving
ELEC-0039,Electrical,1/4/2015,4/12/2015,5/5/2015,45,5.8,98,98,23,121,2831.9,0.129,Slow-Moving
ELEC-0040,Electrical,9/18/2019,1/11/2020,3/6/2020,22,15.2,115,115,55,170,528.3,0.691,Fast-Moving
ELEC-0041,Electrical,3/24/2022,7/21/2022,8/23/2022,13,20.2,119,119,33,152,234.9,1.554,Fast-Moving
ELEC-0042,Electrical,12/1/2024,4/26/2025,5/14/2025,18,13.9,146,146,18,164,472.7,0.772,Fast-Moving
ELEC-0043,Electrical,6/19/2026,10/17/2026,12/11/2026,74,17.1,120,120,55,175,1579.5,0.231,Medium-Moving
ELEC-0044,Electrical,10/22/2018,3/15/2019,3/25/2019,35,18.9,144,144,10,154,675.9,0.54,Fast-Moving
ELEC-0045,Electrical,5/13/2021,9/15/2021,11/1/2021,67,15.2,125,125,47,172,1608.9,0.227,Medium-Moving
ELEC-0046,Electrical,7/8/2022,9/17/2022,11/13/2022,71,15.2,71,71,57,128,1704.9,0.214,Medium-Moving
ELEC-0047,Electrical,4/8/2020,9/1/2020,9/25/2020,41,19,146,146,24,170,787.6,0.463,Fast-Moving
ELEC-0048,Electrical,1/15/2020,4/9/2020,4/23/2020,43,23.5,85,85,14,99,667.9,0.547,Fast-Moving
ELEC-0049,Electrical,7/20/2015,9/23/2015,10/13/2015,35,21.8,65,65,20,85,586,0.623,Fast-Moving
ELEC-0050,Electrical,8/28/2025,1/13/2026,3/13/2026,27,13.3,138,138,59,197,741,0.493,Fast-Moving
ELEC-0051,Electrical,8/19/2016,12/15/2016,1/15/2017,60,13.8,118,118,31,149,1587,0.23,Medium-Moving
ELEC-0052,Electrical,5/12/2019,10/8/2019,11/6/2019,19,18.4,149,149,29,178,376.9,0.968,Fast-Moving
ELEC-0053,Electrical,2/1/2026,5/23/2026,6/12/2026,64,6.5,111,111,20,131,3593.8,0.102,Slow-Moving
ELEC-0054,Electrical,4/23/2018,9/13/2018,11/1/2018,48,20.7,143,143,49,192,846.4,0.431,Fast-Moving
ELEC-0055,Electrical,2/15/2015,4/29/2015,6/22/2015,29,23.8,73,73,54,127,444.7,0.821,Fast-Moving
ELEC-0056,Electrical,7/14/2024,10/10/2024,10/26/2024,56,7.9,88,88,16,104,2587.3,0.141,Slow-Moving
ELEC-0057,Electrical,8/14/2026,12/11/2026,12/19/2026,27,24.4,119,119,8,127,403.9,0.904,Fast-Moving
ELEC-0058,Electrical,8/3/2020,10/17/2020,11/20/2020,38,19.9,75,75,34,109,697,0.524,Fast-Moving
ELEC-0059,Electrical,12/28/2017,4/26/2018,6/12/2018,22,13,119,119,47,166,617.7,0.591,Fast-Moving
ELEC-0060,Electrical,11/30/2026,4/10/2027,5/23/2027,72,8.3,131,131,43,174,3166.3,0.115,Slow-Moving
ELEC-0061,Electrical,2/12/2022,6/8/2022,7/22/2022,38,8.2,116,116,44,160,1691.5,0.216,Medium-Moving
ELEC-0062,Electrical,4/28/2026,8/20/2026,10/17/2026,65,24.9,114,114,58,172,952.8,0.383,Fast-Moving
ELEC-0063,Electrical,12/31/2024,3/21/2025,5/12/2025,61,11.8,80,80,52,132,1886.9,0.193,Medium-Moving
ELEC-0064,Electrical,8/24/2025,12/19/2025,1/9/2026,35,12.1,117,117,21,138,1055.8,0.346,Medium-Moving
ELEC-0065,Electrical,7/18/2020,12/6/2020,12/28/2020,21,19.4,141,141,22,163,395.1,0.924,Fast-Moving
ELEC-0066,Electrical,9/10/2026,1/10/2027,2/24/2027,12,11.8,122,122,45,167,371.2,0.983,Fast-Moving
ELEC-0067,Electrical,5/13/2020,8/16/2020,9/18/2020,68,13.8,95,95,33,128,1798.6,0.203,Medium-Moving
ELEC-0068,Electrical,9/26/2016,12/31/2016,1/20/2017,12,12.7,96,96,20,116,344.9,1.058,Fast-Moving
ELEC-0069,Electrical,2/3/2021,5/16/2021,6/10/2021,76,17.5,102,102,25,127,1585.1,0.23,Medium-Moving
ELEC-0070,Electrical,10/22/2016,1/7/2017,1/21/2017,75,24.2,77,77,14,91,1131.2,0.323,Medium-Moving
ELEC-0071,Electrical,3/9/2020,6/26/2020,8/14/2020,24,24.7,109,109,49,158,354.7,1.029,Fast-Moving
ELEC-0072,Electrical,6/5/2018,11/2/2018,11/20/2018,39,24.4,150,150,18,168,583.4,0.626,Fast-Moving
ELEC-0073,Electrical,6/10/2016,10/1/2016,11/1/2016,23,6.7,113,113,31,144,1253,0.291,Medium-Moving
ELEC-0074,Electrical,6/3/2022,10/10/2022,11/13/2022,44,5.8,129,129,34,163,2769,0.132,Slow-Moving
ELEC-0075,Electrical,4/29/2024,7/5/2024,7/23/2024,33,10.4,67,67,18,85,1158.2,0.315,Medium-Moving
ELEC-0076,Electrical,6/3/2024,9/20/2024,11/13/2024,26,21.4,109,109,54,163,443.5,0.823,Fast-Moving
ELEC-0077,Electrical,6/10/2015,10/21/2015,11/19/2015,43,13.1,133,133,29,162,1198.1,0.305,Medium-Moving
ELEC-0078,Electrical,9/12/2025,11/11/2025,12/8/2025,78,23.4,60,60,27,87,1216.7,0.3,Medium-Moving
ELEC-0079,Electrical,9/12/2021,12/30/2021,2/27/2022,73,19,109,109,59,168,1402.4,0.26,Medium-Moving
ELEC-0080,Electrical,5/25/2024,9/30/2024,11/21/2024,21,10.6,128,128,52,180,723.1,0.505,Fast-Moving
HVAC-0001,HVAC,7/31/2023,12/17/2023,2/3/2024,2,4.2,139,139,48,187,173.8,2.1,Fast-Moving
HVAC-0002,HVAC,5/26/2020,9/26/2020,11/7/2020,6,5.8,123,123,42,165,377.6,0.967,Fast-Moving
HVAC-0003,HVAC,3/18/2018,6/15/2018,7/19/2018,12,2.3,89,89,34,123,1904.3,0.192,Medium-Moving
HVAC-0004,HVAC,9/11/2020,1/7/2021,1/28/2021,12,3.2,118,118,21,139,1368.7,0.267,Medium-Moving
HVAC-0005,HVAC,3/18/2015,7/15/2015,8/7/2015,14,1.6,119,119,23,142,3193.7,0.114,Slow-Moving
HVAC-0006,HVAC,7/18/2018,9/25/2018,10/28/2018,3,2.5,69,69,33,102,438,0.833,Fast-Moving
HVAC-0007,HVAC,10/1/2022,2/13/2023,3/9/2023,11,2,135,135,24,159,2007.5,0.182,Medium-Moving
HVAC-0008,HVAC,7/7/2024,12/2/2024,12/23/2024,6,2.1,148,148,21,169,1042.9,0.35,Fast-Moving
HVAC-0009,HVAC,3/31/2025,7/7/2025,7/24/2025,11,1,98,98,17,115,4015,0.091,Slow-Moving
HVAC-0010,HVAC,8/18/2023,12/17/2023,12/28/2023,10,2.5,121,121,11,132,1460,0.25,Medium-Moving
HVAC-0011,HVAC,4/27/2020,8/13/2020,9/23/2020,9,2.4,108,108,41,149,1368.7,0.267,Medium-Moving
HVAC-0012,HVAC,1/19/2023,6/1/2023,6/24/2023,7,4.2,133,133,23,156,608.3,0.6,Fast-Moving
HVAC-0013,HVAC,8/15/2021,10/16/2021,12/13/2021,5,3.4,62,62,58,120,536.8,0.68,Fast-Moving
HVAC-0014,HVAC,11/17/2023,2/20/2024,2/25/2024,5,3.7,95,95,5,100,493.2,0.74,Fast-Moving
HVAC-0015,HVAC,2/6/2016,6/22/2016,8/13/2016,2,5.8,137,137,52,189,125.9,2.9,Fast-Moving
INST-0001,Instrumentation,12/12/2019,5/12/2020,2/22/2021,3,0.8,152,152,286,438,1368.7,0.267,Medium-Moving
INST-0002,Instrumentation,2/13/2021,7/8/2021,6/5/2024,2,0.6,145,145,1063,1208,1216.7,0.3,Medium-Moving
INST-0003,Instrumentation,8/26/2015,1/12/2016,11/5/2017,1,1.1,139,139,663,802,331.8,1.1,Fast-Moving
INST-0004,Instrumentation,1/26/2024,5/16/2024,6/6/2024,5,0.4,111,111,21,132,4562.5,0.08,Slow-Moving
INST-0005,Instrumentation,11/11/2017,4/29/2018,2/12/2021,4,0.4,169,169,1020,1189,3650,0.1,Slow-Moving
INST-0006,Instrumentation,8/9/2015,12/27/2015,10/28/2017,2,0.8,140,140,671,811,912.5,0.4,Fast-Moving
INST-0007,Instrumentation,8/11/2015,11/19/2015,10/26/2017,6,1.5,100,100,707,807,1460,0.25,Medium-Moving
INST-0008,Instrumentation,8/12/2024,11/27/2024,8/27/2027,7,1.4,107,107,1003,1110,1825,0.2,Medium-Moving
INST-0009,Instrumentation,1/28/2019,5/4/2019,2/21/2021,5,1,96,96,659,755,1825,0.2,Medium-Moving
INST-0010,Instrumentation,7/3/2023,11/11/2023,6/14/2024,1,0.9,131,131,216,347,405.6,0.9,Fast-Moving
INST-0011,Instrumentation,3/13/2025,7/22/2025,8/31/2027,4,1.4,131,131,770,901,1042.9,0.35,Fast-Moving
INST-0012,Instrumentation,7/3/2023,11/5/2023,6/7/2024,3,0.6,125,125,215,340,1825,0.2,Medium-Moving
INST-0013,Instrumentation,8/28/2020,12/6/2020,2/14/2021,3,0.5,100,100,70,170,2190,0.167,Medium-Moving
INST-0014,Instrumentation,6/8/2015,11/14/2015,11/14/2017,5,1.1,159,159,731,890,1659.1,0.22,Medium-Moving
INST-0015,Instrumentation,11/6/2022,3/4/2023,5/31/2024,4,0.6,118,118,454,572,2433.3,0.15,Slow-Moving
INST-0016,Instrumentation,7/16/2016,1/5/2017,11/14/2017,3,0.6,173,173,313,486,1825,0.2,Medium-Moving
INST-0017,Instrumentation,9/12/2015,1/11/2016,11/9/2017,1,1.5,121,121,668,789,243.3,1.5,Fast-Moving
INST-0018,Instrumentation,6/16/2015,12/2/2015,11/11/2017,1,0.3,169,169,710,879,1216.7,0.3,Medium-Moving
INST-0019,Instrumentation,5/8/2020,8/22/2020,2/14/2021,4,0.9,106,106,176,282,1622.2,0.225,Medium-Moving
INST-0020,Instrumentation,7/26/2017,1/4/2018,2/23/2021,4,1.4,162,162,1146,1308,1042.9,0.35,Fast-Moving
INST-0021,Instrumentation,6/6/2025,12/2/2025,9/2/2027,2,1.1,179,179,639,818,663.6,0.55,Fast-Moving
INST-0022,Instrumentation,4/10/2023,7/30/2023,6/1/2024,7,1.1,111,111,307,418,2322.7,0.157,Slow-Moving
INST-0023,Instrumentation,7/27/2017,11/14/2017,11/22/2017,7,1.5,110,110,8,118,1703.3,0.214,Medium-Moving
INST-0024,Instrumentation,6/4/2017,11/15/2017,11/15/2017,5,1.1,164,164,0,164,1659.1,0.22,Medium-Moving
INST-0025,Instrumentation,12/30/2021,6/11/2022,5/30/2024,4,0.7,163,163,719,882,2085.7,0.175,Medium-Moving
INST-0026,Instrumentation,6/2/2023,10/20/2023,6/14/2024,3,0.8,140,140,238,378,1368.7,0.267,Medium-Moving
INST-0027,Instrumentation,9/14/2016,2/26/2017,10/26/2017,6,1.5,165,165,242,407,1460,0.25,Medium-Moving
INST-0028,Instrumentation,6/12/2020,9/23/2020,2/20/2021,3,0.3,103,103,150,253,3650,0.1,Slow-Moving
INST-0029,Instrumentation,9/18/2017,2/27/2018,2/28/2021,5,0.8,162,162,1097,1259,2281.2,0.16,Slow-Moving
INST-0030,Instrumentation,10/15/2022,3/22/2023,6/7/2024,1,0.4,158,158,443,601,912.5,0.4,Fast-Moving
INST-0031,Instrumentation,4/24/2023,7/31/2023,6/4/2024,7,1.3,98,98,309,407,1965.4,0.186,Medium-Moving
INST-0032,Instrumentation,8/27/2022,11/26/2022,6/7/2024,5,1,91,91,559,650,1825,0.2,Medium-Moving
INST-0033,Instrumentation,12/29/2025,4/11/2026,8/28/2027,5,0.4,103,103,504,607,4562.5,0.08,Slow-Moving
INST-0034,Instrumentation,2/15/2023,8/5/2023,6/6/2024,3,0.5,171,171,306,477,2190,0.167,Medium-Moving
INST-0035,Instrumentation,6/7/2018,10/30/2018,2/24/2021,8,0.3,145,145,848,993,9733.3,0.038,Slow-Moving
INST-0036,Instrumentation,9/14/2026,3/6/2027,9/2/2027,6,1.5,173,173,180,353,1460,0.25,Medium-Moving
INST-0037,Instrumentation,11/4/2025,4/2/2026,8/28/2027,6,0.6,149,149,513,662,3650,0.1,Slow-Moving
INST-0038,Instrumentation,1/7/2021,5/18/2021,6/13/2024,5,0.6,131,131,1122,1253,3041.7,0.12,Slow-Moving
INST-0039,Instrumentation,12/10/2016,4/14/2017,11/1/2017,3,0.3,125,125,201,326,3650,0.1,Slow-Moving
INST-0040,Instrumentation,6/20/2020,11/16/2020,2/11/2021,7,0.4,149,149,87,236,6387.5,0.057,Slow-Moving
INST-0041,Instrumentation,7/2/2023,11/12/2023,6/20/2024,5,0.9,133,133,221,354,2027.8,0.18,Medium-Moving
INST-0042,Instrumentation,2/1/2026,6/12/2026,9/5/2027,4,0.6,131,131,450,581,2433.3,0.15,Slow-Moving
INST-0043,Instrumentation,12/8/2025,4/4/2026,8/30/2027,1,0.4,117,117,513,630,912.5,0.4,Fast-Moving
INST-0044,Instrumentation,10/17/2020,2/27/2021,3/7/2021,2,0.5,133,133,8,141,1460,0.25,Medium-Moving
INST-0045,Instrumentation,3/13/2021,8/21/2021,6/20/2024,1,0.8,161,161,1034,1195,456.2,0.8,Fast-Moving
INST-0046,Instrumentation,8/3/2026,11/25/2026,9/8/2027,5,0.7,114,114,287,401,2607.1,0.14,Slow-Moving
INST-0047,Instrumentation,5/31/2020,10/20/2020,2/14/2021,4,0.4,142,142,117,259,3650,0.1,Slow-Moving
INST-0048,Instrumentation,5/22/2020,11/16/2020,2/14/2021,3,1.1,178,178,90,268,995.5,0.367,Fast-Moving
INST-0049,Instrumentation,1/3/2026,5/30/2026,9/10/2027,7,1.2,147,147,468,615,2129.2,0.171,Medium-Moving
INST-0050,Instrumentation,2/1/2017,6/8/2017,11/8/2017,8,0.5,127,127,153,280,5840,0.063,Slow-Moving
LUBE-0001,Lubrication,11/15/2024,12/11/2024,1/18/2025,114,146.7,26,26,38,64,283.6,1.287,Fast-Moving
LUBE-0002,Lubrication,4/1/2025,4/21/2025,6/11/2025,320,137,20,20,51,71,852.6,0.428,Fast-Moving
LUBE-0003,Lubrication,3/26/2018,5/11/2018,7/10/2018,160,45.7,46,46,60,106,1277.9,0.286,Medium-Moving
LUBE-0004,Lubrication,6/18/2018,7/12/2018,8/16/2018,177,95.4,24,24,35,59,677.2,0.539,Fast-Moving
LUBE-0005,Lubrication,12/11/2020,1/21/2021,3/6/2021,380,105.8,41,41,44,85,1311,0.278,Medium-Moving
LUBE-0006,Lubrication,12/1/2023,12/26/2023,2/23/2024,209,174.3,25,25,59,84,437.7,0.834,Fast-Moving
LUBE-0007,Lubrication,5/15/2022,7/8/2022,8/6/2022,61,51.6,54,54,29,83,431.5,0.846,Fast-Moving
LUBE-0008,Lubrication,2/7/2022,4/8/2022,5/28/2022,267,150.6,60,60,50,110,647.1,0.564,Fast-Moving
LUBE-0009,Lubrication,12/11/2025,2/3/2026,2/10/2026,292,194.6,54,54,7,61,547.7,0.666,Fast-Moving
LUBE-0010,Lubrication,7/14/2016,8/18/2016,10/2/2016,300,30,35,35,45,80,3650,0.1,Slow-Moving
LUBE-0011,Lubrication,6/12/2021,7/16/2021,9/6/2021,250,188.1,34,34,52,86,485.1,0.752,Fast-Moving
LUBE-0012,Lubrication,1/10/2017,2/26/2017,3/9/2017,320,175.4,47,47,11,58,665.9,0.548,Fast-Moving
LUBE-0013,Lubrication,4/3/2017,5/21/2017,6/5/2017,279,72.2,48,48,15,63,1410.5,0.259,Medium-Moving
LUBE-0014,Lubrication,9/19/2021,10/10/2021,10/17/2021,105,68,21,21,7,28,563.6,0.648,Fast-Moving
LUBE-0015,Lubrication,4/11/2022,5/4/2022,5/27/2022,127,118.8,23,23,23,46,390.2,0.935,Fast-Moving
LUBE-0016,Lubrication,1/15/2023,2/27/2023,3/31/2023,399,48.5,43,43,32,75,3002.8,0.122,Slow-Moving
LUBE-0017,Lubrication,4/7/2018,5/12/2018,6/19/2018,381,173.9,35,35,38,73,799.7,0.456,Fast-Moving
LUBE-0018,Lubrication,3/29/2024,5/24/2024,7/11/2024,284,44.5,56,56,48,104,2329.4,0.157,Slow-Moving
LUBE-0019,Lubrication,1/15/2019,2/14/2019,3/2/2019,70,30.2,30,30,16,46,846,0.431,Fast-Moving
LUBE-0020,Lubrication,10/8/2016,12/6/2016,2/4/2017,114,69.5,59,59,60,119,598.7,0.61,Fast-Moving
MECH-0001,Mechanical,7/1/2017,11/4/2017,11/7/2017,3,1.1,126,126,3,129,995.5,0.367,Fast-Moving
MECH-0002,Mechanical,6/29/2020,12/23/2020,2/25/2021,4,0.9,177,177,64,241,1622.2,0.225,Medium-Moving
MECH-0003,Mechanical,4/19/2017,1/3/2018,2/27/2021,1,1,259,259,1151,1410,365,1,Fast-Moving
MECH-0004,Mechanical,6/18/2024,10/24/2024,9/10/2027,1,0.6,128,128,1051,1179,608.3,0.6,Fast-Moving
MECH-0005,Mechanical,2/6/2017,7/31/2017,11/8/2017,1,1.1,175,175,100,275,331.8,1.1,Fast-Moving
MECH-0006,Mechanical,5/2/2026,9/5/2026,8/24/2027,2,0.2,126,126,353,479,3650,0.1,Slow-Moving
MECH-0007,Mechanical,6/17/2019,3/2/2020,2/16/2021,4,0.6,259,259,351,610,2433.3,0.15,Slow-Moving
MECH-0008,Mechanical,12/11/2019,8/1/2020,2/11/2021,2,0.3,234,234,194,428,2433.3,0.15,Slow-Moving
MECH-0009,Mechanical,3/28/2021,7/27/2021,6/15/2024,4,0.3,121,121,1054,1175,4866.7,0.075,Slow-Moving
MECH-0010,Mechanical,6/24/2024,1/17/2025,9/2/2027,5,0.3,207,207,958,1165,6083.3,0.06,Slow-Moving
MECH-0011,Mechanical,6/27/2018,12/19/2018,2/19/2021,2,0.8,175,175,793,968,912.5,0.4,Fast-Moving
MECH-0012,Mechanical,4/17/2017,9/7/2017,11/3/2017,5,1.1,143,143,57,200,1659.1,0.22,Medium-Moving
MECH-0013,Mechanical,3/3/2017,9/30/2017,11/4/2017,5,0.8,211,211,35,246,2281.2,0.16,Medium-Moving
MECH-0014,Mechanical,12/6/2020,4/16/2021,6/6/2024,1,1.2,131,131,1147,1278,304.2,1.2,Fast-Moving
MECH-0015,Mechanical,10/19/2017,5/23/2018,2/27/2021,1,0.8,216,216,1011,1227,456.2,0.8,Fast-Moving
MECH-0016,Mechanical,7/29/2021,2/26/2022,6/2/2024,2,0.5,212,212,827,1039,1460,0.25,Medium-Moving
MECH-0017,Mechanical,4/25/2019,9/9/2019,2/28/2021,2,0.7,137,137,538,675,1042.9,0.35,Fast-Moving
MECH-0018,Mechanical,2/10/2020,8/22/2020,2/27/2021,5,0.5,194,194,189,383,3650,0.1,Slow-Moving
MECH-0019,Mechanical,3/22/2020,8/14/2020,2/17/2021,6,0.4,145,145,187,332,5475,0.067,Slow-Moving
MECH-0020,Mechanical,3/27/2021,11/18/2021,5/31/2024,5,0.8,236,236,925,1161,2281.2,0.16,Medium-Moving
MECH-0021,Mechanical,3/8/2023,8/16/2023,6/9/2024,2,0.6,161,161,298,459,1216.7,0.3,Medium-Moving
MECH-0022,Mechanical,12/20/2022,6/11/2023,5/30/2024,5,0.9,173,173,354,527,2027.8,0.18,Medium-Moving
MECH-0023,Mechanical,12/27/2020,5/14/2021,6/1/2024,5,0.3,138,138,1114,1252,6083.3,0.06,Slow-Moving
MECH-0024,Mechanical,11/2/2018,7/16/2019,2/22/2021,2,0.7,256,256,587,843,1042.9,0.35,Fast-Moving
MECH-0025,Mechanical,8/31/2018,4/26/2019,2/17/2021,5,0.6,238,238,663,901,3041.7,0.12,Slow-Moving
MECH-0026,Mechanical,1/20/2021,10/9/2021,6/13/2024,3,0.7,262,262,978,1240,1564.3,0.233,Medium-Moving
MECH-0027,Mechanical,4/10/2022,8/22/2022,6/13/2024,4,0.6,134,134,661,795,2433.3,0.15,Slow-Moving
MECH-0028,Mechanical,9/20/2015,4/7/2016,11/3/2017,2,1,200,200,575,775,730,0.5,Fast-Moving
MECH-0029,Mechanical,1/2/2021,5/18/2021,6/14/2024,6,1,136,136,1123,1259,2190,0.167,Medium-Moving
MECH-0030,Mechanical,1/21/2022,7/14/2022,5/31/2024,1,0.8,174,174,687,861,456.2,0.8,Fast-Moving
MECH-0031,Mechanical,3/13/2026,10/20/2026,8/21/2027,5,0.7,221,221,305,526,2607.1,0.14,Slow-Moving
MECH-0032,Mechanical,4/16/2025,9/19/2025,9/2/2027,3,0.9,156,156,713,869,1216.7,0.3,Medium-Moving
MECH-0033,Mechanical,2/17/2018,8/19/2018,2/12/2021,3,0.8,183,183,908,1091,1368.7,0.267,Medium-Moving
MECH-0034,Mechanical,11/22/2020,8/18/2021,6/7/2024,1,0.3,269,269,1024,1293,1216.7,0.3,Medium-Moving
MECH-0035,Mechanical,12/16/2023,7/15/2024,9/3/2027,4,0.4,212,212,1145,1357,3650,0.1,Slow-Moving
MECH-0036,Mechanical,2/7/2018,10/15/2018,2/14/2021,3,0.4,250,250,853,1103,2737.5,0.133,Slow-Moving
MECH-0037,Mechanical,1/14/2017,5/26/2017,11/12/2017,4,0.6,132,132,170,302,2433.3,0.15,Slow-Moving
MECH-0038,Mechanical,6/6/2018,11/13/2018,2/8/2021,6,0.3,160,160,818,978,7300,0.05,Slow-Moving
MECH-0039,Mechanical,6/20/2024,11/3/2024,8/29/2027,5,0.8,136,136,1029,1165,2281.2,0.16,Slow-Moving
MECH-0040,Mechanical,7/24/2023,3/19/2024,6/4/2024,3,0.5,239,239,77,316,2190,0.167,Medium-Moving
MECH-0041,Mechanical,8/21/2020,5/9/2021,6/20/2024,3,0.8,261,261,1138,1399,1368.7,0.267,Medium-Moving
MECH-0042,Mechanical,7/27/2017,4/10/2018,2/21/2021,5,1,257,257,1048,1305,1825,0.2,Medium-Moving
MECH-0043,Mechanical,8/18/2022,1/13/2023,6/11/2024,1,1,148,148,515,663,365,1,Fast-Moving
MECH-0044,Mechanical,10/1/2024,3/10/2025,8/27/2027,3,0.7,160,160,900,1060,1564.3,0.233,Medium-Moving
MECH-0045,Mechanical,1/27/2015,8/2/2015,10/30/2017,6,0.3,187,187,820,1007,7300,0.05,Slow-Moving
MECH-0046,Mechanical,1/3/2019,9/9/2019,2/26/2021,6,0.9,249,249,536,785,2433.3,0.15,Slow-Moving
MECH-0047,Mechanical,9/10/2021,5/17/2022,6/1/2024,6,0.8,249,249,746,995,2737.5,0.133,Slow-Moving
MECH-0048,Mechanical,6/18/2019,11/24/2019,2/18/2021,6,1,159,159,452,611,2190,0.167,Medium-Moving
MECH-0049,Mechanical,8/16/2018,5/1/2019,2/13/2021,3,0.9,258,258,654,912,1216.7,0.3,Medium-Moving
MECH-0050,Mechanical,1/5/2015,7/26/2015,10/31/2017,6,0.5,202,202,828,1030,4380,0.083,Slow-Moving
MECH-0051,Mechanical,6/9/2015,11/4/2015,11/4/2017,4,0.6,148,148,731,879,2433.3,0.15,Slow-Moving
MECH-0052,Mechanical,11/24/2021,5/24/2022,6/19/2024,5,0.3,181,181,757,938,6083.3,0.06,Slow-Moving
MECH-0053,Mechanical,5/27/2020,2/16/2021,2/27/2021,1,0.4,265,265,11,276,912.5,0.4,Fast-Moving
MECH-0054,Mechanical,12/2/2016,8/3/2017,11/13/2017,3,0.3,244,244,102,346,3650,0.1,Slow-Moving
MECH-0055,Mechanical,12/12/2026,5/13/2027,9/6/2027,2,0.6,152,152,116,268,1216.7,0.3,Medium-Moving
MECH-0056,Mechanical,8/29/2025,5/16/2026,9/5/2027,4,0.3,260,260,477,737,4866.7,0.075,Slow-Moving
MECH-0057,Mechanical,12/11/2020,8/23/2021,6/1/2024,4,0.6,255,255,1013,1268,2433.3,0.15,Slow-Moving
MECH-0058,Mechanical,6/28/2024,12/19/2024,8/24/2027,3,1.1,174,174,978,1152,995.5,0.367,Fast-Moving
MECH-0059,Mechanical,7/6/2019,1/21/2020,2/17/2021,4,1.1,199,199,393,592,1327.3,0.275,Medium-Moving
MECH-0060,Mechanical,5/18/2023,1/5/2024,6/4/2024,3,0.9,232,232,151,383,1216.7,0.3,Medium-Moving
MECH-0061,Mechanical,2/15/2025,7/15/2025,9/3/2027,3,0.9,150,150,780,930,1216.7,0.3,Medium-Moving
MECH-0062,Mechanical,1/15/2020,5/30/2020,2/19/2021,4,1.2,136,136,265,401,1216.7,0.3,Medium-Moving
MECH-0063,Mechanical,6/22/2015,3/18/2016,10/29/2017,2,0.3,270,270,590,860,2433.3,0.15,Slow-Moving
MECH-0064,Mechanical,2/29/2020,11/25/2020,2/22/2021,2,0.4,270,270,89,359,1825,0.2,Medium-Moving
MECH-0065,Mechanical,2/28/2015,7/16/2015,10/26/2017,2,0.2,138,138,833,971,3650,0.1,Slow-Moving
MECH-0066,Mechanical,4/27/2016,10/22/2016,11/13/2017,5,0.4,178,178,387,565,4562.5,0.08,Slow-Moving
MECH-0067,Mechanical,9/15/2015,4/6/2016,11/13/2017,3,0.2,204,204,586,790,5475,0.067,Slow-Moving
MECH-0068,Mechanical,7/13/2026,1/9/2027,9/2/2027,4,0.7,180,180,236,416,2085.7,0.175,Medium-Moving
MECH-0069,Mechanical,11/20/2025,5/13/2026,8/24/2027,5,0.8,174,174,468,642,2281.2,0.16,Medium-Moving
MECH-0070,Mechanical,12/19/2017,9/11/2018,2/11/2021,2,0.9,266,266,884,1150,811.1,0.45,Fast-Moving
MECH-0071,Mechanical,8/8/2025,2/6/2026,8/26/2027,5,1.2,182,182,566,748,1520.8,0.24,Medium-Moving
MECH-0072,Mechanical,2/17/2024,8/3/2024,9/7/2027,6,0.9,168,168,1130,1298,2433.3,0.15,Slow-Moving
MECH-0073,Mechanical,3/5/2017,10/21/2017,11/4/2017,1,0.7,230,230,14,244,521.4,0.7,Fast-Moving
MECH-0074,Mechanical,7/1/2024,2/11/2025,8/27/2027,6,1,225,225,927,1152,2190,0.167,Medium-Moving
MECH-0075,Mechanical,3/19/2016,8/11/2016,11/14/2017,4,0.6,145,145,460,605,2433.3,0.15,Slow-Moving
MECH-0076,Mechanical,1/12/2024,8/5/2024,9/7/2027,4,0.3,206,206,1128,1334,4866.7,0.075,Slow-Moving
MECH-0077,Mechanical,7/29/2020,1/14/2021,2/23/2021,6,0.6,169,169,40,209,3650,0.1,Slow-Moving
MECH-0078,Mechanical,1/23/2025,6/27/2025,8/28/2027,2,0.3,155,155,792,947,2433.3,0.15,Slow-Moving
MECH-0079,Mechanical,2/12/2019,8/22/2019,2/15/2021,2,0.6,191,191,543,734,1216.7,0.3,Medium-Moving
MECH-0080,Mechanical,8/8/2020,12/25/2020,2/15/2021,1,0.5,139,139,52,191,730,0.5,Fast-Moving
MECH-0081,Mechanical,3/13/2017,7/23/2017,10/26/2017,1,0.3,132,132,95,227,1216.7,0.3,Medium-Moving
MECH-0082,Mechanical,5/1/2015,9/21/2015,11/8/2017,5,0.4,143,143,779,922,4562.5,0.08,Slow-Moving
MECH-0083,Mechanical,9/24/2018,5/6/2019,2/14/2021,1,1.1,224,224,650,874,331.8,1.1,Fast-Moving
MECH-0084,Mechanical,10/18/2025,4/10/2026,8/29/2027,5,0.2,174,174,506,680,9125,0.04,Slow-Moving
MECH-0085,Mechanical,4/25/2016,10/4/2016,11/3/2017,2,0.8,162,162,395,557,912.5,0.4,Fast-Moving
MECH-0086,Mechanical,1/18/2015,8/25/2015,11/7/2017,2,0.8,219,219,805,1024,912.5,0.4,Fast-Moving
MECH-0087,Mechanical,3/16/2025,9/25/2025,8/28/2027,3,0.8,193,193,702,895,1368.7,0.267,Medium-Moving
MECH-0088,Mechanical,11/30/2025,5/8/2026,9/4/2027,4,0.3,159,159,484,643,4866.7,0.075,Slow-Moving
MECH-0089,Mechanical,8/27/2021,2/18/2022,6/19/2024,4,1.2,175,175,852,1027,1216.7,0.3,Medium-Moving
MECH-0090,Mechanical,5/14/2016,11/30/2016,11/14/2017,4,0.7,200,200,349,549,2085.7,0.175,Medium-Moving
MECH-0091,Mechanical,2/15/2016,11/10/2016,10/31/2017,3,0.3,269,269,355,624,3650,0.1,Slow-Moving
MECH-0092,Mechanical,4/12/2026,12/23/2026,9/5/2027,1,0.9,255,255,256,511,405.6,0.9,Fast-Moving
MECH-0093,Mechanical,4/10/2016,12/16/2016,11/13/2017,6,0.5,250,250,332,582,4380,0.083,Slow-Moving
MECH-0094,Mechanical,3/3/2019,7/18/2019,2/10/2021,6,0.4,137,137,573,710,5475,0.067,Slow-Moving
MECH-0095,Mechanical,7/10/2016,1/6/2017,11/3/2017,1,0.4,180,180,301,481,912.5,0.4,Fast-Moving
MECH-0096,Mechanical,9/9/2017,6/1/2018,2/22/2021,5,0.6,265,265,997,1262,3041.7,0.12,Slow-Moving
MECH-0097,Mechanical,11/22/2015,4/10/2016,11/2/2017,6,0.7,140,140,571,711,3128.6,0.117,Slow-Moving
MECH-0098,Mechanical,9/22/2026,4/10/2027,9/2/2027,1,1,200,200,145,345,365,1,Fast-Moving
MECH-0099,Mechanical,8/1/2019,2/17/2020,2/22/2021,3,1.2,200,200,371,571,912.5,0.4,Fast-Moving
MECH-0100,Mechanical,12/15/2020,7/24/2021,6/16/2024,1,0.9,221,221,1058,1279,405.6,0.9,Fast-Moving
MECH-0101,Mechanical,9/23/2021,5/18/2022,6/10/2024,3,0.7,237,237,754,991,1564.3,0.233,Medium-Moving
MECH-0102,Mechanical,8/17/2016,12/17/2016,11/1/2017,2,0.6,122,122,319,441,1216.7,0.3,Medium-Moving
MECH-0103,Mechanical,3/30/2017,8/15/2017,10/29/2017,2,0.7,138,138,75,213,1042.9,0.35,Fast-Moving
MECH-0104,Mechanical,10/13/2019,6/18/2020,2/21/2021,5,0.5,249,249,248,497,3650,0.1,Slow-Moving
MECH-0105,Mechanical,12/21/2017,7/18/2018,2/27/2021,2,0.8,209,209,955,1164,912.5,0.4,Fast-Moving
MECH-0106,Mechanical,6/24/2020,1/24/2021,2/20/2021,2,1,214,214,27,241,730,0.5,Fast-Moving
MECH-0107,Mechanical,7/16/2018,3/5/2019,2/12/2021,4,0.9,232,232,710,942,1622.2,0.225,Medium-Moving
MECH-0108,Mechanical,10/14/2021,6/26/2022,6/20/2024,2,0.4,255,255,725,980,1825,0.2,Medium-Moving
MECH-0109,Mechanical,9/18/2021,2/11/2022,6/16/2024,4,0.6,146,146,856,1002,2433.3,0.15,Slow-Moving
MECH-0110,Mechanical,12/6/2020,5/4/2021,6/17/2024,1,1.2,149,149,1140,1289,304.2,1.2,Fast-Moving
MECH-0111,Mechanical,6/27/2018,1/2/2019,2/20/2021,3,0.7,189,189,780,969,1564.3,0.233,Medium-Moving
MECH-0112,Mechanical,9/22/2019,4/16/2020,2/23/2021,2,0.9,207,207,313,520,811.1,0.45,Fast-Moving
MECH-0113,Mechanical,12/2/2020,8/8/2021,6/5/2024,3,0.6,249,249,1032,1281,1825,0.2,Medium-Moving
MECH-0114,Mechanical,8/19/2020,12/30/2020,2/27/2021,6,1.2,133,133,59,192,1825,0.2,Medium-Moving
MECH-0115,Mechanical,7/1/2024,1/7/2025,9/9/2027,3,0.3,190,190,975,1165,3650,0.1,Slow-Moving
MECH-0116,Mechanical,1/30/2015,8/23/2015,11/11/2017,1,0.4,205,205,811,1016,912.5,0.4,Fast-Moving
MECH-0117,Mechanical,11/15/2020,4/25/2021,6/6/2024,2,0.5,161,161,1138,1299,1460,0.25,Medium-Moving
MECH-0118,Mechanical,8/4/2024,4/24/2025,9/10/2027,4,0.8,263,263,869,1132,1825,0.2,Medium-Moving
MECH-0119,Mechanical,7/5/2017,11/21/2017,2/25/2021,5,1,139,139,1192,1331,1825,0.2,Medium-Moving
MECH-0120,Mechanical,10/23/2015,5/24/2016,10/28/2017,4,1.1,214,214,522,736,1327.3,0.275,Medium-Moving
PIPE-0001,Piping,1/26/2024,7/22/2024,9/3/2027,14,0.6,178,178,1138,1316,8516.7,0.043,Slow-Moving
PIPE-0002,Piping,11/13/2021,5/6/2022,6/2/2024,37,2.1,174,174,758,932,6431,0.057,Slow-Moving
PIPE-0003,Piping,4/12/2023,9/9/2023,6/3/2024,37,0.8,150,150,268,418,16881.2,0.022,Slow-Moving
PIPE-0004,Piping,11/28/2026,4/11/2027,8/28/2027,38,2.4,134,134,139,273,5779.2,0.063,Slow-Moving
PIPE-0005,Piping,6/2/2022,10/15/2022,6/6/2024,6,2.6,135,135,600,735,842.3,0.433,Fast-Moving
PIPE-0006,Piping,1/28/2021,6/6/2021,6/12/2024,19,0.7,129,129,1102,1231,9907.1,0.037,Slow-Moving
PIPE-0007,Piping,3/3/2020,6/16/2020,2/23/2021,7,0.8,105,105,252,357,3193.7,0.114,Slow-Moving
PIPE-0008,Piping,1/28/2022,5/13/2022,6/3/2024,28,2.9,105,105,752,857,3524.1,0.104,Slow-Moving
PIPE-0009,Piping,2/25/2019,6/19/2019,2/23/2021,29,2.6,114,114,615,729,4071.2,0.09,Slow-Moving
PIPE-0010,Piping,11/10/2025,3/15/2026,8/23/2027,40,0.6,125,125,526,651,24333.3,0.015,Slow-Moving
PIPE-0011,Piping,10/7/2026,3/22/2027,9/1/2027,6,2.1,166,166,163,329,1042.9,0.35,Fast-Moving
PIPE-0012,Piping,4/3/2017,10/16/2017,11/9/2017,20,1.7,196,196,24,220,4294.1,0.085,Slow-Moving
PIPE-0013,Piping,8/23/2021,12/20/2021,6/9/2024,5,1.6,119,119,902,1021,1140.6,0.32,Medium-Moving
PIPE-0014,Piping,1/9/2019,5/17/2019,3/1/2021,9,2.4,128,128,654,782,1368.7,0.267,Medium-Moving
PIPE-0015,Piping,12/24/2026,4/9/2027,9/2/2027,37,2.7,106,106,146,252,5001.9,0.073,Slow-Moving
PIPE-0016,Piping,1/8/2016,4/13/2016,10/29/2017,10,2.1,96,96,564,660,1738.1,0.21,Medium-Moving
PIPE-0017,Piping,7/21/2021,1/16/2022,6/16/2024,9,2.4,179,179,882,1061,1368.7,0.267,Medium-Moving
PIPE-0018,Piping,1/4/2026,4/17/2026,9/10/2027,35,1.1,103,103,511,614,11613.6,0.031,Slow-Moving
PIPE-0019,Piping,5/18/2021,10/15/2021,6/5/2024,9,2.6,150,150,964,1114,1263.5,0.289,Medium-Moving
PIPE-0020,Piping,11/17/2024,3/30/2025,9/5/2027,20,2.3,133,133,889,1022,3173.9,0.115,Slow-Moving
PIPE-0021,Piping,2/25/2016,6/26/2016,10/31/2017,18,1.1,122,122,492,614,5972.7,0.061,Slow-Moving
PIPE-0022,Piping,7/23/2017,2/3/2018,2/27/2021,34,1.7,195,195,1120,1315,7300,0.05,Slow-Moving
PIPE-0023,Piping,12/27/2023,5/27/2024,6/18/2024,29,0.7,152,152,22,174,15121.4,0.024,Slow-Moving
PIPE-0024,Piping,3/15/2016,7/2/2016,11/11/2017,23,2.4,109,109,497,606,3497.9,0.104,Slow-Moving
PIPE-0025,Piping,10/25/2021,2/2/2022,6/13/2024,17,0.7,100,100,862,962,8864.3,0.041,Slow-Moving
PIPE-0026,Piping,8/28/2017,2/5/2018,2/16/2021,14,1.3,161,161,1107,1268,3930.8,0.093,Slow-Moving
PIPE-0027,Piping,1/23/2020,7/30/2020,2/13/2021,24,2.1,189,189,198,387,4171.4,0.088,Slow-Moving
PIPE-0028,Piping,7/14/2023,12/8/2023,6/6/2024,13,0.5,147,147,181,328,9490,0.038,Slow-Moving
PIPE-0029,Piping,9/1/2021,3/20/2022,6/2/2024,8,1.7,200,200,805,1005,1717.6,0.213,Medium-Moving
PIPE-0030,Piping,8/13/2024,12/20/2024,8/23/2027,11,2.2,129,129,976,1105,1825,0.2,Medium-Moving
PIPE-0031,Piping,5/8/2016,10/23/2016,11/12/2017,36,1.2,168,168,385,553,10950,0.033,Slow-Moving
PIPE-0032,Piping,8/30/2019,2/16/2020,2/23/2021,38,1.2,170,170,373,543,11558.3,0.032,Slow-Moving
PIPE-0033,Piping,12/7/2020,5/30/2021,6/18/2024,34,1.7,174,174,1115,1289,7300,0.05,Slow-Moving
PIPE-0034,Piping,7/10/2018,11/7/2018,2/24/2021,12,3,120,120,840,960,1460,0.25,Medium-Moving
PIPE-0035,Piping,9/6/2016,12/25/2016,11/15/2017,40,1,110,110,325,435,14600,0.025,Slow-Moving
PIPE-0036,Piping,2/29/2024,7/25/2024,8/22/2027,10,2.8,147,147,1123,1270,1303.6,0.28,Medium-Moving
PIPE-0037,Piping,7/16/2025,11/20/2025,9/9/2027,6,1.2,127,127,658,785,1825,0.2,Medium-Moving
PIPE-0038,Piping,3/11/2020,7/15/2020,2/20/2021,9,2.5,126,126,220,346,1314,0.278,Medium-Moving
PIPE-0039,Piping,3/8/2025,6/15/2025,8/20/2027,33,3,99,99,796,895,4015,0.091,Slow-Moving
PIPE-0040,Piping,3/27/2020,7/28/2020,2/9/2021,29,1,123,123,196,319,10585,0.034,Slow-Moving
SAFE-0001,Safety,6/9/2019,8/5/2019,8/17/2019,36,7.6,57,57,12,69,1728.9,0.211,Medium-Moving
SAFE-0002,Safety,1/16/2020,3/27/2020,4/10/2020,21,10,71,71,14,85,766.5,0.476,Fast-Moving
SAFE-0003,Safety,12/16/2020,3/8/2021,3/22/2021,77,14.2,82,82,14,96,1979.2,0.184,Medium-Moving
SAFE-0004,Safety,8/7/2016,9/9/2016,9/24/2016,56,9.6,33,33,15,48,2129.2,0.171,Medium-Moving
SAFE-0005,Safety,11/24/2021,1/31/2022,3/24/2022,90,22.8,68,68,52,120,1440.8,0.253,Medium-Moving
SAFE-0006,Safety,6/22/2021,8/19/2021,8/31/2021,24,29.6,58,58,12,70,295.9,1.233,Fast-Moving
SAFE-0007,Safety,7/6/2025,9/18/2025,10/12/2025,39,22.4,74,74,24,98,635.5,0.574,Fast-Moving
SAFE-0008,Safety,1/11/2024,4/10/2024,5/2/2024,72,18.8,90,90,22,112,1397.9,0.261,Medium-Moving
SAFE-0009,Safety,3/23/2026,5/26/2026,7/1/2026,30,5.1,64,64,36,100,2147.1,0.17,Medium-Moving
SAFE-0010,Safety,10/26/2024,11/30/2024,1/12/2025,72,28.9,35,35,43,78,909.3,0.401,Fast-Moving
SAFE-0011,Safety,11/23/2015,2/17/2016,3/20/2016,61,15.6,86,86,32,118,1427.2,0.256,Medium-Moving
SAFE-0012,Safety,3/25/2022,6/1/2022,6/22/2022,28,19.6,68,68,21,89,521.4,0.7,Fast-Moving
SAFE-0013,Safety,7/31/2015,9/4/2015,9/23/2015,58,16.1,35,35,19,54,1314.9,0.278,Medium-Moving
SAFE-0014,Safety,6/19/2015,9/5/2015,10/23/2015,52,5.1,78,78,48,126,3721.6,0.098,Slow-Moving
SAFE-0015,Safety,1/16/2021,3/23/2021,3/30/2021,53,34.4,66,66,7,73,562.4,0.649,Fast-Moving
SAFE-0016,Safety,12/6/2018,2/4/2019,3/14/2019,25,37.9,60,60,38,98,240.8,1.516,Fast-Moving
SAFE-0017,Safety,12/1/2024,2/27/2025,3/21/2025,35,30,88,88,22,110,425.8,0.857,Fast-Moving
SAFE-0018,Safety,1/26/2019,4/3/2019,5/5/2019,47,13.9,67,67,32,99,1234.2,0.296,Medium-Moving
SAFE-0019,Safety,1/11/2026,2/15/2026,3/22/2026,18,18.8,35,35,35,70,349.5,1.044,Fast-Moving
SAFE-0020,Safety,10/21/2022,12/16/2022,1/11/2023,85,7.7,56,56,26,82,4029.2,0.091,Slow-Moving
UTIL-0001,Utility,2/17/2021,5/26/2021,7/23/2021,187,23,98,98,58,156,2967.6,0.123,Slow-Moving
UTIL-0002,Utility,10/27/2025,2/9/2026,3/1/2026,187,21.9,105,105,20,125,3116.7,0.117,Slow-Moving
UTIL-0003,Utility,3/30/2025,7/23/2025,8/6/2025,143,37.9,115,115,14,129,1377.2,0.265,Medium-Moving
UTIL-0004,Utility,8/9/2023,10/17/2023,11/29/2023,120,16,69,69,43,112,2737.5,0.133,Slow-Moving
UTIL-0005,Utility,5/26/2026,7/27/2026,9/25/2026,184,18.1,62,62,60,122,3710.5,0.098,Slow-Moving
UTIL-0006,Utility,7/25/2016,10/13/2016,12/6/2016,73,35,80,80,54,134,761.3,0.479,Fast-Moving
UTIL-0007,Utility,4/22/2024,7/19/2024,9/12/2024,147,37.5,88,88,55,143,1430.8,0.255,Medium-Moving
UTIL-0008,Utility,5/22/2026,8/9/2026,10/5/2026,135,55.3,79,79,57,136,891,0.41,Fast-Moving
UTIL-0009,Utility,1/22/2015,4/13/2015,6/3/2015,135,31.4,81,81,51,132,1569.3,0.233,Medium-Moving
UTIL-0010,Utility,9/11/2021,1/9/2022,2/20/2022,160,19.6,120,120,42,162,2979.6,0.123,Slow-Moving
UTIL-0011,Utility,12/25/2025,2/27/2026,4/1/2026,43,18.7,64,64,33,97,839.3,0.435,Fast-Moving
UTIL-0012,Utility,11/11/2025,2/8/2026,3/6/2026,162,14.6,89,89,26,115,4050,0.09,Slow-Moving
UTIL-0013,Utility,6/18/2023,9/29/2023,10/24/2023,81,28.4,103,103,25,128,1041,0.351,Fast-Moving
UTIL-0014,Utility,3/26/2019,6/9/2019,7/20/2019,165,20.1,75,75,41,116,2996.3,0.122,Slow-Moving
UTIL-0015,Utility,8/4/2023,10/17/2023,12/15/2023,25,47.5,74,74,59,133,192.1,1.9,Fast-Moving
UTIL-0016,Utility,3/19/2024,5/8/2024,6/2/2024,125,29.1,50,50,25,75,1567.9,0.233,Medium-Moving
UTIL-0017,Utility,8/10/2025,11/11/2025,12/10/2025,154,20.5,93,93,29,122,2742,0.133,Slow-Moving
UTIL-0018,Utility,5/31/2018,9/16/2018,9/23/2018,89,26.9,108,108,7,115,1207.6,0.302,Medium-Moving
UTIL-0019,Utility,10/31/2017,2/17/2018,3/31/2018,35,34.9,109,109,42,151,366,0.997,Fast-Moving
UTIL-0020,Utility,6/12/2022,8/8/2022,10/7/2022,167,58.4,57,57,60,117,1043.8,0.35,Fast-Moving
